{
  "R": 64,
  "author": 198,
  "block_last_n": 8,
  "candidate_authors": [0, 2, 4, 6, 8, 10, 12, 14, 16, 18, 20, 22, 24, 26, 28, 30, 32, 34, 36, 38, 40, 42, 44, 46, 48, 50, 52, 54, 56, 58],
  "candidate_seed": 314159,
  "dtype": "bfloat16",
  "eta": 0.003,
  "metrics": {
    "R": 64,
    "eff_norm": 0.00023835297516410373,
    "eff_over_eta": 0.07945099172136791,
    "eta": 0.003,
    "frac_changed": 0.0019075529915945871,
    "medB_A": 1.0074671493237373,
    "medC_A": 1826659.3131699297,
    "medC_B": 1770654.0071823052,
    "ov_AC": 0.46153846153846156,
    "rho_AB": 0.9517087071964841,
    "rho_AC": 0.7066528566196667,
    "rho_BC": 0.6677520142830984,
    "seed": 0
  },
  "model": "/group-volume/models/Qwen2.5-7B-Instruct",
  "n_candidates": 128,
  "passed": false,
  "probe_seed": 0,
  "schema": "fd-fidelity-certificate-v1",
  "thresholds": {
    "eff_over_eta": 0.9,
    "frac_changed": 0.9,
    "rho_AB": 0.7,
    "rho_AC": 0.8,
    "rho_BC": 0.8
  }
}
